signal_id,created_at,symbol,action,adx,volume_ratio,rsi,trend_dir,status,realized_r,rr,candles_to_entry,candles_after_entry,mfe_r,mae_r,period,stress_net_r
ba48249e-839b-43e3-ab97-b1b255a5b4e9,2026-09-10T10:00:15.181091+00:00,ADA-USDT,SHORT,24.121,1.388,47.767,bearish,tp_hit,1.8,1.8,1,6,3.124,0.348,DEV,1.682
21e4e8a4-ebc0-4064-8eb4-289816c091eb,2026-09-10T10:06:45.902408+00:00,ETH-USDT,SHORT,20.567,1.389,45.412,bearish,expired_after_entry,,1.8,16,9,1.632,0.055,DEV,-1.118
cd70a511-f831-4d95-b906-3e667dff0c98,2026-09-10T13:35:57.789268+00:00,ADA-USDT,SHORT,27.079,1.367,39.396,bearish,tp_hit,1.8,1.8,3,5,1.828,0.024,DEV,1.682
c79ff95d-d583-4c14-bf96-a53ab90aae48,2026-09-10T23:37:15.930478+00:00,SOL-USDT,SHORT,46.872,1.538,36.254,bearish,expired_after_entry,,1.8,10,15,1.663,0.634,DEV,-1.118
eb122c3e-24d9-462c-b8c0-9613db4d2830,2026-09-10T23:37:23.301251+00:00,XRP-USDT,SHORT,56.801,1.543,30.517,bearish,tp_hit,1.8,1.8,16,9,2.213,0.352,DEV,1.682
e0d5d021-24bb-4772-bfae-e0d8f06bc26a,2026-09-10T23:37:32.234873+00:00,ADA-USDT,SHORT,33.874,1.305,34.856,bearish,expired_after_entry,,1.8,10,4,0.55,0.37,DEV,-1.118
c7f9302c-3e1b-4523-96e8-d4835f742a8e,2026-09-11T08:39:11.884223+00:00,ADA-USDT,SHORT,21.82,1.248,46.23,bearish,tp_hit,1.8,1.8,1,3,1.82,0.225,DEV,1.682
0497a3d5-fd51-4cf7-b326-3e2298d1f90d,2026-09-11T12:36:49.834596+00:00,XRP-USDT,SHORT,33.782,2.946,35.818,bearish,ambiguous,,1.8,1,1,1.974,1.659,DEV,-1.118
1f15df72-1eee-4d78-82f8-43d2e8a04e23,2026-09-11T12:37:04.899652+00:00,ADA-USDT,SHORT,29.121,2.339,36.296,bearish,tp_hit,1.8,1.8,1,1,1.841,0.656,DEV,1.682
09aac084-6cb7-40df-ab8e-932284c41806,2026-09-11T15:07:25.157682+00:00,ETH-USDT,LONG,34.14,1.421,76.982,bullish,expired_after_entry,,1.8,14,6,0.252,0.113,DEV,-1.118
3504d506-4aea-47c4-a2cc-28fc822ff069,2026-09-13T18:50:10.576678+00:00,LINK-USDT,LONG,29.327,1.222,56.946,bullish,sl_hit,-1.0,1.8,1,1,0.093,1.447,DEV,-1.118
327814af-7381-4293-a9e7-4a4e9d71b2f7,2026-09-14T08:59:29.920546+00:00,ETH-USDT,LONG,23.817,1.547,63.32,bullish,tp_hit,1.8,1.8,10,8,1.89,0.035,HOLDOUT,1.682
0c2a2daf-4a10-4f7f-9bdd-8b855a462e51,2026-09-14T10:07:30.085161+00:00,ETH-USDT,LONG,25.404,1.745,63.401,bullish,tp_hit,1.8,1.8,7,8,1.816,0.068,HOLDOUT,1.682
47f97e8b-d44e-44c8-a831-e5a78653ce62,2026-09-14T14:38:29.358510+00:00,BTC-USDT,LONG,25.408,2.166,65.515,bullish,expired_after_entry,,1.8,22,3,0.531,0.099,HOLDOUT,-1.118
09f96c5c-5852-43bd-8cbf-553bda2969fd,2026-09-15T15:18:10.441515+00:00,SOL-USDT,SHORT,28.044,3.978,23.201,bearish,tp_hit,1.8,1.8,6,3,3.344,0.284,HOLDOUT,1.682
